title,source,url,posted_at
University Credit Union Names New CEO - CU Today,Google News,https://news.google.com/rss/articles/CBMif0FVX3lxTFBtRjUxR1hzR0w2RWtOTDRLTHhoRjBqSUZOeUZmaHAzWFptVU50dnJtOEMwcXBGMnZHaWwwUkJVUm9yYnlLX0pKQmw5QUN1cTUzUW03WC1JOERZM1hKTU9UMVA2Q1M0dkVOalgxN1VQX1Q2LXNmdVpicnowRzRDY1k?oc=5,"Sun, 28 Dec 2025 13:43:19 GMT"
Cone Health Announces New CEO - Cone Health,Google News,https://news.google.com/rss/articles/CBMimAFBVV95cUxPRVJVclY5b0U0LV9JWkE4NEFsZ1B4bTY5Z1EzOEFxTVhOaHI3c08zeVFld2xvUlptMmhDS1ZTZ1VtbE5Ma3lYeWs2TDk0bDhUM1VUVEFybU5XdTdzMDNpRE83UjVKcUp4VXpIQjRnYllrbHB1MzM5WHVKdExneW9WQmNFOEwtbFp4Q3owYmxLUzgtYk04bjFjWA?oc=5,"Tue, 23 Dec 2025 20:41:48 GMT"
BOK Financial names Michael Katz Colorado market CEO - ColoradoBiz,Google News,https://news.google.com/rss/articles/CBMie0FVX3lxTE9vUWhEUl9CY0dhN0s3a1FKMlptYTJKdXZPNnJmNkRzSERoMnY5S1dfWnNxNFUwNEN5QXJsRzFqSUZJQXdrTWhTeENCMUZJUlNuMkhkc3lfc2hJVlp4TlNFZE5MakZOclNjandlUVVIcGxhaUZjUk5UclRKVQ?oc=5,"Fri, 26 Dec 2025 21:15:09 GMT"
Synergy Marine Group Names New CEO for ETInfra Division - Maritime Fairtrade,Google News,https://news.google.com/rss/articles/CBMijwFBVV95cUxOSWJXaFRYaE4td2pzMmZtalV5aUxuMFFyYUpHS3JkZm5hdlNlUFEySXl5alQ4OTVoVVVOS1lYdUZERUxaVEpGQTFsV2JfRVVFeW1MdGs0akxMdHpQVEYxNGQwLWVJaXlIYnRqMVgyUDZCUjNaM0xyR05mWE5lYU0wZ0xaUWJPTFZmWVJ5WmRwRQ?oc=5,"Sun, 28 Dec 2025 06:13:03 GMT"
Fort Worth-based Civitas Senior Living Names CEO in Planned Leadership Transition - Dallas Innovates,Google News,https://news.google.com/rss/articles/CBMirwFBVV95cUxQZ3pWYkxMQy11NWl0VEJ2ejNfZWhFUTh5cW9qUVpMMDJ5ZzBGckg0b0ktSGJ2aW1rd19oQ3E0WjcyUnE2UlVQZjEwRmVTUm8ydkM3UENlb21uNi1LS3BSeXFFbEttVXg4dktrVVlNQllmTE1jQlJtNVJoWUVGZlF3XzFMa2J6ckE5TGpqODJ3LXJXdVJlZXBvY2EtZUlEem9LQnNWemtFMjV4QmpSTzdr?oc=5,"Sat, 27 Dec 2025 18:02:42 GMT"
BP Appoints Meg O’Neill as the First Female CEO - Yahoo Finance,Google News,https://news.google.com/rss/articles/CBMieEFVX3lxTE91c2ltdFpZLVA1TU00dEJfS2JTVnhVcjJOenFWU2NRbXR3NnNMMzRBRjhZbHJ0N3dXVVR5SWFJYUJSSnM1VTNZZFljR2xSYl8xci1NTU9LdTRoemZKa1dzdzBUaVY5dXphZHN3dHFCRVR4amljWEVLYg?oc=5,"Sat, 27 Dec 2025 07:15:00 GMT"
Kraft Heinz Names Steve Cahillane CEO Ahead of Planned Separation - Prepared Foods magazine,Google News,https://news.google.com/rss/articles/CBMisAFBVV95cUxNVUVUdVhMdHJFcV9NaUVjVDdsVnM5dzN1OGlxdi1xckZjNXlSNlRBV0p1VHdoNEZ0dkItckJjV1lzaXY4OUU3SWpjeGwyajRzOENBMDRKWmFXOWtFelc4MFFnQnNDa25Nck40d0lMNVNoWE5MNDBwVHVtX0tVS0FGZ1lsaEJ2aFUyVmd4bENTOVROdWRua3FDMWM0Yi1kSmZvc19TSnNUakdYcVFEWDBFUw?oc=5,"Fri, 26 Dec 2025 11:00:00 GMT"
Henry Schein Provides Update on CEO Search Process - Business Wire,Google News,https://news.google.com/rss/articles/CBMiqwFBVV95cUxPazMxVFFrYVQ0ZjBXOWQwSVVUOTlHSGhndXRqbUgxcmxpY0NZR0hFWGs4U2staVA1WGVxVDRFdXRXOVJJOGxhbFc0TlRERHZnVHBLWkdaOVd1WFVpYi1XSWh4OVRvVkVHSXRBZHdtOXNpX1RJOFdVd3BTWGIyVnM3aW9rell4WEtYTk9IeUZTS0hhdndNSjBFNDhuR3ZFSTBKdVdSZEhFc015RlE?oc=5,"Tue, 23 Dec 2025 21:05:00 GMT"
"Kraft Heinz hires CEO, begins search for second CEO after company split - Supermarket Perimeter",Google News,https://news.google.com/rss/articles/CBMivwFBVV95cUxNRl84eFZhYWpsMTU2NXU1eVR3dC11aWtnZ0tHdUJ2YVpRYm5GSTJvRWIxbHpwMXY4ZDRsR1ZXeG11ZjlLa3FwSS03Y1dYMWV3cWJ1cEJQS083WFJ3R201RmVXb2VueFk1MmpBQ1pvT1VseFJhekR0Tjg0eDZpd0xzemkxaUdud2VxX1Y1V0JWd1BQWkxLSGZjeGtQNWIwOWktWkdhVHJTN0d1RTNOcEhIRUhFaGtrR2x2YnZwQVBjYw?oc=5,"Tue, 23 Dec 2025 16:31:51 GMT"
Frankenmuth names CEO-elect to COO position - businessinsurance.com,Google News,https://news.google.com/rss/articles/CBMihAFBVV95cUxQRmx3V3ZPcjVPWS1sY0VxUjQ2QzNIMjlyRzk2VWRQVkUxVnpWQy1CUmVmUi1XUW0yYUxNemdBaTJtaXZEUVBmZ1dtakxUUnlhaVF0Y2xiMUhyRVRjcGJ2UF9WaGpXbWlLZ0pnWWtvTnE1REotV3NYcGlYRzhPMUpSc3JyRUY?oc=5,"Tue, 23 Dec 2025 15:35:30 GMT"
Strickland Cos. names new CEO - The Business Journals,Google News,https://news.google.com/rss/articles/CBMihwFBVV95cUxOaVp5Q0x4S185bHliZmhqYnBBWVItZW5GRzZyT2ZVSldUcXpERkFwNHVkZHNaekJfb1dqcGZieWJWSVh4bWlLR2xuZmg2TW9NcFVtR1JIT1ZlYk5JMHBNVzh0S1ZobzNLNG5ESVZYV0pfUnpjTG5qbG5lVWJLZy15QWNycmNQNnM?oc=5,"Wed, 24 Dec 2025 19:57:00 GMT"
Vingroup's hospitality arm appoints new CEO - Theinvestor,Google News,https://news.google.com/rss/articles/CBMigwFBVV95cUxNLTQyX1hGNUFrV3dNcExZWmsyeTZJeldmREQ5LTNNYmpibDRSTDE1MXhRVmhQMHVoSV9iU19ULTA2aV9EM19VdzBfMWFWdUZoRVdlOWo3VkRPOWU1dGdaMS1SQ2ZZck03YzZnRlQ5dndIVU9wSWJncUJsWXQtczBIR0FjNA?oc=5,"Sat, 27 Dec 2025 14:02:11 GMT"
"Manappuram Finance Boosts Borrowing Limits, Names Group CFO and Raises Stake in Microfinance Arm - TipRanks",Google News,https://news.google.com/rss/articles/CBMi4AFBVV95cUxOVGxmNkE4LUZTYnc2T3NZZE1zcmMyS2FNdUdLeFZEVjdoVk1NZ1RrUFl3V2kzZ29PQ2ZSQ3h6SW1WWE9NTmI2SGVwVWVaRklLalRiX0ZycXNpOXI1ZlA5cllCWGxkN1psVjA4V21Xem1fdlhQb19QOU5YYVpnNlJvMlQ3X3JzVklXUHJUc1BMbVUzTVdrOGVaVXU0RmQ4Z0g4V0NuS0I4YUVPMXZlM0hLbnV1a1FaY1pGT2txUGVfOHVPNlhydHZJMFhFY1NmNnU1Vll3YTVaZnNYTlhJRlpfSQ?oc=5,"Fri, 26 Dec 2025 08:36:48 GMT"
BP names new boss as current CEO leaves after less than two years - BBC,Google News,https://news.google.com/rss/articles/CBMiWkFVX3lxTE50NUlEZnFRZ0NqdHM4SmlPZDB3MThXTWg4RUZ0cWtpaS1NeHZYMkxHS0NTUkhPcGZ6bEtDSW8xbTRIU0c0M01fdm91d1BCWWlKX2x5aGtZdjJvZ9IBX0FVX3lxTE9lVkVwYm90UFl4ajNpMTFyUU5tRG56UHozdlQ1cVVTTFB6MHpQdGhVWkplVHE2MUhlZjY4Sl9NNVpod0hGbWdEeVFpMktweE8tZ2xSUU9tMU9aVzZJNkxB?oc=5,"Thu, 18 Dec 2025 08:00:00 GMT"
GlobalFoundries names Sam Franklin as CFO after interim stint - Reuters,Google News,https://news.google.com/rss/articles/CBMipgFBVV95cUxQUy1McnRuU1hKOThOX0hmWHhHTjhUbEIwMEw3WVMwWjJQanZDczY1a1VkbExPbVNYVDhmWkdqdlowY0w4cExPR3hNNWM4ZzRpT09xS1dFek1oX3lWendqUjBhRmliZHZWejNtWnBLTmRwbmNMQ1pzZU15NGk0ZnpkbnRlTTQxbWVhUVhrV1BQeEJwZXRhNjdZQkd0WFpiTjdRS2tIMFF3?oc=5,"Thu, 11 Dec 2025 08:00:00 GMT"
"Lucidean Raises $18M to Scale Development of Coherent Optical Links, Names CEO | Business | Dec 2025 - Photonics Spectra",Google News,https://news.google.com/rss/articles/CBMikgFBVV95cUxNT19CSWNBYkR6X3BuR2pia3dUTVZoUVVpN25yaXpEUW9jYUhWc3BXMWJFMjVoWHRiWjNtNXZUZndGNGJOWVp0WS1EeHJQTTlLQ1l6VEdUaXBUVndZQTBYOHc0ZzE2RndJWmxuQXR4N0FOX1NYTWlsYjNUdWl5QmticC1hUXBIYjlGSVpuUnUycnlNUQ?oc=5,"Wed, 24 Dec 2025 12:00:00 GMT"
JUST REVEALED: 700 Experts Vote on Who Should Be Disney’s Next CEO - AllEars.Net,Google News,https://news.google.com/rss/articles/CBMilwFBVV95cUxQMjdpLWV2MnBqNXBFSGRmOU5lclVxMkd1ZXhrZjIwbzBINllwOE5GOHdjQzhONlNjMXhVcXFJekxFNkVtLWh5ZVQ0cmdQeHZsaXcteXBhX0s3cUJkLXRaTmNnWmxtT1FYRy1tSVNFeVg3akxVajd6ZXRRSUZNblpZSm1VdVVHRXBTUnBFMDJCdGlFRXF6Q1Zv?oc=5,"Fri, 26 Dec 2025 15:44:02 GMT"
"Harley-Davidson weathers slow sales, proxy fight, CEO search - The Business Journals",Google News,https://news.google.com/rss/articles/CBMimgFBVV95cUxQcnNMcjZXTWdfUG43SUdOOE9CSVJhYXVDWElNcVlPeXp6eDNDM3QtOGtuVHlJaGV5YUdvZUE0U3NkWVJvWF83S3pQbE1BWlI4UUlvYlp4NUN0M0Zib2t0UzFZQnNVZGEtT1JQSE1DNEtiZ1R6YmpoaXV6bzAwRUo2bmJWMzh0TG9nUkJlYkdYOFNLeTVqVGprSjVR?oc=5,"Fri, 26 Dec 2025 11:00:00 GMT"
"Manappuram Finance Hikes Borrowing Limit to Rs 75,000 Crore, Names New Group CFO - TipRanks",Google News,https://news.google.com/rss/articles/CBMiygFBVV95cUxQbU5vN2VHUVQzNU5OUVVPOFpuam5Ma3FheGpkbnlsV1pYb2liTmVSaFVZUTRuMGJlc0lSRENxV24xcmJYSEZGaENQN0xZUUdlNXVCaWNBYWVYbDdTQ09JUXNGeDYweGJBSjlOVUxCLUItOGJ2RUhveTVTNXZIZUpubGlja3YzQVpIVnJ0MTh1QzBoUkExUElEcFg2RTNGYVdaQlotbmJ4TTRVbnU2clYxbHNsZTdIQlRvams1bmJZQ3FJR004dWl4dVlB?oc=5,"Fri, 26 Dec 2025 08:36:48 GMT"
Women's sports apparel brand Goal Five taps marketing chief as new CEO - The Business Journals,Google News,https://news.google.com/rss/articles/CBMilAFBVV95cUxPR2c0cTF3ZEx5R1pERWxpMlczQWRCeTdTU085Z05nMGFPUHRuSTZncTFLcGg3ekhVMERwYTNBTVZmbnlGb1ZHeUpBSnBzYVVVQ25tbmNCcEIyN3NBNW5aWjNQbVNCQjJSMFVRRnpSTGJXemh0YldqeElWY1JvanhvanBEYm5vWTV0SHV1UHg3bUxWNFdl?oc=5,"Mon, 22 Dec 2025 14:07:00 GMT"
"Coca-Cola names insider Henrique Braun as CEO, replacing James Quincey - Reuters",Google News,https://news.google.com/rss/articles/CBMivwFBVV95cUxNSVFodU1pVDV3bm85U3FydTRkUmlUZU14bGRrcV83N3BRRk95OFB5VFh0Rnd2U0Zxbmd2U0p6VDJlbjREaEp3cEQ2XzU2U1RZeXlVZW9aanJrOTd4UkFVN3BaY3ZMX1hRR1BZUGt4dkVQeXVsazhFem1wM2kxTjgzQVFsc0k5ZnZNS05tUi1EeFBTaXFueDdES3pKY3F3TVB6d3pjSjFiSXZJOWRvbDk1WFkydGdSMThZbUFBQ2ZUcw?oc=5,"Thu, 11 Dec 2025 08:00:00 GMT"
Nationwide appoints CTO amid $1.5B tech push - CIO Dive,Google News,https://news.google.com/rss/articles/CBMigAFBVV95cUxQSENJN1MyV2VMVTZNaVduMGtuNHY2NE9PT2pfRS1mUEs4RWhwbEhRZ3o2YWV0cTlSYUN4TjA4WFBtcUJCVVJldk1QOFl4OHRlZjZ4aFZRbEdNcTBjaGlWQjFCbVh3X21saUVRdy1aS290R0MzWmpDdFVaT01GbU12Qw?oc=5,"Tue, 09 Dec 2025 08:00:00 GMT"
"The Beat: Justifi names CEO, Medtronic's Minimed files IPO, Neuravention preps FDA submission - The Business Journals",Google News,https://news.google.com/rss/articles/CBMikgFBVV95cUxPeWJ1UG5WaktpRHZUVU0wUG1SXzkxWHJoenpUb0M0a2E2UnFGNjJSWUxKZVJvWW9ERHJLUWdrTERwOFVYcWJRbjJBM3d0MGdPZGd4Y3hISE9pb1JnLUJuT3VILU1BQVRydmhUbEFxVV9lajBzVFZDU2U5WmFrcGRUVXR6d2xiYW12UklUZDJ6MnpiUQ?oc=5,"Wed, 24 Dec 2025 19:43:00 GMT"
Silence Therapeutics Appoints CFO Rhonda Hellums to Board - TipRanks,Google News,https://news.google.com/rss/articles/CBMirgFBVV95cUxPVjZsNHFPc2ZfT0M3OVlyVW9TZlhKZ25uejhnWFhjYnNXUlNCNW1sZkJxb2NQaWZkNk93Wmp6cE9mck9IYzM4NlZ5NU9uRk1VY1ZUcGVSb2JHc2VrakxtTU9LeThNaDZCbWhjOVJwdml6X25BbHdTSHlTRUp3Vlc5Y0dBRkg2LWI5TkIwN2xkdndIZl9YUDM5UXNScDhhQzd4ZGxuOXNqY0ZvcktnZGc?oc=5,"Mon, 22 Dec 2025 13:07:14 GMT"
UNC Health names new CEO - Healthcare Dive,Google News,https://news.google.com/rss/articles/CBMihwFBVV95cUxPZm5YTVVueGJENHNZN3pQOGU3RkRkRjlDV0lhZmtyMWhObVhhUnFMZUhELW9XMXYxRkdicnBhT0lMREdYTzVZRkhFUzFGWFVjczhneENsbkR1UUZMLXBwd2xUYVVIS1VVSHB3REJJa2FGWHR5NUVUb3lDQ0RNN2Y0UWF0eXJCRTA?oc=5,"Fri, 21 Nov 2025 08:00:00 GMT"
Lululemon CEO to step down as board launches search for successor - The Business Journals,Google News,https://news.google.com/rss/articles/CBMilgFBVV95cUxPVGxXMG1EZE9QazM0TUxIRFR5dVJhRDNPWmxlQlh2Zkp1ZmdIRWhVMVA5dC00SXdaZTItOXA4Z2RpemIyZldOZGxYRHdMOExuTVljakdXaTJmZjRGaG1lZVBNeGFWODRBd1Q5WHJZcXY2RUZlN0lLRTN5WUFXV2FRQko5SzBPV0hCMzdLOTAtSzd5RlVjU0E?oc=5,"Fri, 12 Dec 2025 08:00:00 GMT"
BP Names Meg O’Neill as Its New CEO. Auchincloss Steps Down Thursday. - Barron's,Google News,https://news.google.com/rss/articles/CBMi-AJBVV95cUxPSENJMDU4THRVeExyQ3FMVDVDcW5RZ3VDaHkwcFhMOXhSTUdOWDhKSmlxZWg1NGg5b0lGOThpOUp3VHJGTlYtSTgxYlVpUVFidEI5Y2Rva2VteGZYTmFySGZiRE1MMWswVEVEbUZFX2dUeDdneS1RZnZHdlk5NkdaWFF4MDRUcWp2N2dsNGhUcU1HeXAxdmIyRGpyMklnRFViYTR6YmpOMnYza2pxZTdFUjZSTzhZbVZ6NE44SXhHS091X0tWeTAtTlVtYWMyd01GU1JnOTBVSndFRjFPS2YtZUhyNTZIMV9ZMzFjMEhLTEQxVjRfY21pbkNRbVVtT2VEVjZKalkyN0RuT2pUT05DQjVSUmdmR1VBQU9GSmE4MVBaeGpUNjBlNEt6d3lROTMyTkp5YW44UjlKMnVnYkxNM3IzWjBiX2d2ZmlvVG1WUzJzU2FyZjdHREVTdEtJbjAydUFmZlNyVTUyYmd3a09YNnUtczlidEs3?oc=5,"Wed, 17 Dec 2025 08:00:00 GMT"
COC board approves website for CEO search - Santa Clarita Valley Signal,Google News,https://news.google.com/rss/articles/CBMifEFVX3lxTE4xbDl6UVpqUkt3bGM0aFZ4ZEdYZkJGbjlxWU1yUWRBM2ctaDZlSEw3MUhFcF9YNEQ0RVV4TzVDSGJpOWt1UVdjVEpRN0xaUnljNVc4OUVzVE5XeGs2Sng3cjF6dFpTOWhiTjNHcENEbXREaXNJR3A0djZiWm0?oc=5,"Tue, 02 Dec 2025 08:00:00 GMT"
"HNGIL appoints Rakesh Mehta as COO, North following INSCO acquisition - ET Manufacturing",Google News,https://news.google.com/rss/articles/CBMi2wFBVV95cUxNbVMta2NfbG8zcGJqUFl3ZGFBLUx4bjZrd3pLdzcwd2VlYnpzOU54aWJGeHZ3cWJWUjlLTndrZzZoVzVNRldzWHZybWVJUEVuUGoteHRqOFNjTzBtQmRtS1hnYlpXc3hsSU4ydnBjN25DazhnTDhTSGN3T2MwRE0zMzNZT1RMZkFHOEpUb2U0Z2RHTVlMRXozVHZJcW54ZWVVYnFOaF9PUkdNVzI2eG8xYnRSVmRzcEZtOVNySHR0bGZEQUdUU016TGwwQmM3SUdweV9xalhzQ2F1M2PSAeABQVVfeXFMTTZ3TThjazJpdG9ScjhMWFBFT2tFZFMxQldYMmxabG5VTzI3bjBIYTAzTm5lZW50dWFQRFJUT3BMbmlzcUJaOEkwVlRXZTFQTmNRY1RHQ3BfY2NTX01ReTZ3czhvamx2MG9TSUk5SXotTlFLbWpmYzhJekpNNUM4OXJCOEc2dFdDdXhLa2hQWl9GREE5WUlnTi14WktQWmh4d2c0TXBlNllvNnBQbmozczZaVm52SG5LcWtQcTZDVkhLVWJJTzlhZ2g5aXRJSVZZTkJKM3huMml0UG1EQ1VGN00?oc=5,"Fri, 26 Dec 2025 11:12:17 GMT"
"RPS hires new COO, a W&M grad who arrives from Indianapolis - The Richmonder",Google News,https://news.google.com/rss/articles/CBMijwFBVV95cUxOOTMyYXNsS01GY0dTa0wzamY5bUplcWxpSjJ5ZHZlZmx5cUNHZDJRRDd6NjdiSk9EV0gtdnBISFE3ODUxSVR4ek93OHJVdk5XTGhvV0dVUkVqUGdLQWJ3dEwyQnRUd2lyY2lya2RLMlF3VEVzWkVfN3FMUmxrTV9sTUVwNGZvdzljLVU0MTlNWQ?oc=5,"Fri, 22 Aug 2025 07:00:00 GMT"
Alfanar Engineering Services names Amer Al Ajmi CEO - Arab News,Google News,https://news.google.com/rss/articles/CBMieEFVX3lxTE9CU2xVOHZhRWRjVXB4NWcyU1hvZUlTZHlfU3JYR1BRZ1M5NTQ3X2trQUJNY1FCek1WelB3eXg5QjFQUFN1Qm5iZlNMZXlvSjVwSzNKbER3ZzU4LV83Wl9OMzJIeVJVYWdJTUNQdVlJZmthTm81c2JsdA?oc=5,"Fri, 26 Dec 2025 07:20:40 GMT"
Alumni Association launches CEO search - Penn State University,Google News,https://news.google.com/rss/articles/CBMipAFBVV95cUxQM2l0T1NtbWh1dzQwSlpqcTA2YnBYaEtZclo2ZGs1R216eVZBcUZMWUxsdUk4U3RMdVY5Z0tqLUJiVGdRZGRYMXlPbG5CdjBiRHFFeWx4Qng0eVZ5WmtvdnFvNlRHMGRfcmtJTXg4Z3hXVjdxc1N6RFltNklrYnlMdU81WDlDVUVybTdIam5rNm44NU5wcXRrZG50M1VXeklyV0tPUA?oc=5,"Mon, 20 Oct 2025 07:00:00 GMT"
HCA names CEO of TriStar Skyline Medical Center - The Business Journals,Google News,https://news.google.com/rss/articles/CBMiqgFBVV95cUxQdHJEMFpuS1VNaFl3VkQzYmUyOVQyT0RuWGlmaGE3bVdsX2t2ajRGWnZWR3VZeUhKMVZyRGh4cWQ1clhzYVNEUHlMREh6Tm5GemFuSlNtSFNFSERHd0RZdjVwWWVxSnBQQWNtMzE4bzFpQXlnTHNSMVA1MXZvOFFhWGVMNVVZVzRxZzVSdWpHS3dTUVA1YUhQNU5GbG9TQVhsUEk5OE9xNElVQQ?oc=5,"Mon, 22 Dec 2025 05:30:00 GMT"
Company news: CenterState CEO announces 3 new hires - Syracuse.com,Google News,https://news.google.com/rss/articles/CBMingFBVV95cUxQZFdDUk5nOTB4ckpwQmZMV09zelZVc2M2Wi1BakxaNDJNdlo5dVBPZEpWM2NHVDkzVXhOYTRqY1BGaXpVWUx0YUNhcXVTb05mRWYxWERnc0x0ZjJiX25KdG85Y2stXzUwdnhaY0FBenVkdW9aYUVSVUgyaWhEVlE1TGszNnFuYnE1NjMxR0NsR3l5YThRNlN6aW1VN0ZLd9IBsgFBVV95cUxNNXVaSkMxelhDOXVpQkQ0dWhLak1zRVpUd09uWGk5aThVdUpCbmlldHRZTXUxRkQ1NjRMcVRUWTNrY3pTV1B6QVdlZ1JoVzBwQXN2MFJCaEVkYm5lSmZvZS00TUo4Q0tnbWdXVWhjQXNqRzJJWW5xZDI3SlNwMUxDZ0hKYW1hVTZNRDhiRF9lcVB0YS1QNV9aamFiRU40b1J0Ymx6cHM5S0hnZkJXNHpvNnl3?oc=5,"Wed, 29 Oct 2025 07:00:00 GMT"
Why USF Is Hiring a CEO of Athletics—And What It Means for the Future of Bulls Sports - USF Athletics,Google News,https://news.google.com/rss/articles/CBMi0gFBVV95cUxNUkNVUWtOZ3R4TTF1R24yVjV4V0h0SXRkNnhIa05YZVNrNVgxZ3M0VEpVTmpReWt2RUEtNDh6UjFiWERUWG85NWwzZE9CSk02S3NTakk0QkVvX3J3N2o1YUo5a3FsLTBfUVRxVTdnZTJrYlNlZ3loTzQ0MjRsSXlLalJWcTEtT1V4Nl9WNHdFMk4wcDh1ZnQ0Um56ZW02OEVIQkwwT2EzSFV0dXhPZVkzNXQ3MkZVdDFRa256TFkyalhabFRjclZvVzhsTFFaSW5HRFE?oc=5,"Mon, 04 Aug 2025 07:00:00 GMT"
UPDATED: Brookdale Senior Living names COO to oversee new regional operations model - McKnight's Senior Living,Google News,https://news.google.com/rss/articles/CBMizAFBVV95cUxPLUNTM1BUOFZYaVpVQWlHeThoLXdTcmxaVzNNV2c4ZnpvTXMydGtZMmVfem8tYlgzT21LNFJIbmtwNF93RXlOMnVMZnBVSk5JbWtGMmlJc1VkSENkT0doeC1aUllXZlp3REJ3Z01OVkZvZUs5M0tQclE2ZmY3UlZWTm9lMXA3VlNJLWFac040YkllSVhudm1oSUZhczlLa3dYb2ZHSGhsRU1nd01rd3p1Wms3MFZuNnJyQS1MWFhpTHZ2VnItbnRYZVZhZUU?oc=5,"Tue, 18 Nov 2025 08:00:00 GMT"
"Hormel Foods creates new CMO role, hires Oreo and Ritz marketing veteran to fill it - The Business Journals",Google News,https://news.google.com/rss/articles/CBMikgFBVV95cUxNT3gwYVFFWXJSTXFWNG5vSjRNcW83Tlp5a293WW5GQnhoR1NoTklsODNjUXRTNzJWMnAzQWxOWGxBZ1JaU3NsVmNCOGlEOWJhb2dNZjVsU2s4VzRGSXRkRWFSWkFuU2UxT1lPMUNGV3o1akcweExaNXNOX1ByaHRTcUl4WFhueDZLWHg2TU5ZYUpCUQ?oc=5,"Thu, 18 Dec 2025 08:00:00 GMT"
Philadelphia Art Museum hires Daniel H. Weiss as CEO weeks after Sasha Suda ousted - CBS News,Google News,https://news.google.com/rss/articles/CBMioAFBVV95cUxORUFaMWJlOGQtTDhDNVRiamEyMlB0LXpjdEQtNHVYTG1lUVFzVndvVUZPRmVfX1BHVUM1Z2wtcFh1aS02UndiNUtTeVdtVDBlSkhDWUwyTHJjMjNzaFNQdnN5cnJkLXNBVmZUXzBKTUhkeFFvVV96SmFLVFd3eVRWQWY4RVU1N1hwR29FS3ZhYlBMT01Yd0R6ekVaNGloTzQx?oc=5,"Fri, 21 Nov 2025 08:00:00 GMT"
West Marine appoints CEO - Boating Industry,Google News,https://news.google.com/rss/articles/CBMieEFVX3lxTE5HOF9EYXRPYk11RFZnb2ZNZU9RdkJWVVFnbnVtenB2UXVOUVpHUzg3bWZLSmI3NWNRenlUcEVpbHZyRUg2REt5QVZDRV9PREl0cXpGTFBjR1FxUUlZNVdtV3UzeC1UZmZRb1JuYjVDNVNrYUxkMVU5OQ?oc=5,"Thu, 13 Nov 2025 08:00:00 GMT"
Hyundai and Genesis Motor North America names CEO - WardsAuto,Google News,https://news.google.com/rss/articles/CBMipwFBVV95cUxOX095N0laRXFJNWpScDhnUThrWHE2Q3o3Z0xNVGFQLU0wSWlBTTBRbDRMeXdzRENGSUg4SkZLWm1zcWhUQmlheFJsQVp1WS1obmZZNHBKTzN5Y1RrcmNmTllfUmx3cXpDdmkxbExNQ2xqb1F5RF9EUDlBTy01TDFiZlRaNXlzdlVhS3NxblM2UVpkdnlkNzU5eDJmXzYtd08zdnVCN09adw?oc=5,"Tue, 07 Oct 2025 15:25:53 GMT"
"Microsoft names CEO to run commercial business, Nadella to focus on tech - Reuters",Google News,https://news.google.com/rss/articles/CBMi1AFBVV95cUxPX2NLbEdIZExjNEVaMFUtXzEzWTQ0OUxOcFZhaVU3S0p1dTVYbmFUcTNHZXBNRk5nZks4Y2lmaXFYRVlIRlgzaENCaE16cTBVUkRIVjhOTGd1dDRSU3ZDQ1BWQWlYSVA3WF85V0JXTU1lcXVzTUxLRTJGU0wyYnFTUk1BM3pINXhFTDJpLUdQZ1Zfd0dadGQ0ZmpzRC1NRUlDV1c0MVlMVVZRdVRpaTJjdUZSRWlKdGlRakhPc19oVzZpcG1GZDVfdjUwR1FZNXdKM18zRA?oc=5,"Wed, 01 Oct 2025 07:00:00 GMT"
"Inside Target, Frustrated Employees and the Search for a New CEO - MSN",Google News,https://news.google.com/rss/articles/CBMiuAFBVV95cUxNNVlpNE5OUThPM3dXSkZBRVhCekx0WUYzeTN0X1NqMWhMWDNyX1A1eHdqS2ROaVdGclA2UW9aclFZX0ZCYkU4d1Q4MUFZSHNUTm5SbkNiVjlOay1LT19VU200WHk2bUlEcGU1V1A2NFNUakxuZ0NaaVBSNzN6WlJuZlB1Z01uYk9SVjctRlFkWGkwQkRuMTlvZUVfQmd4M3FFdkx2cHJBTGJrWEN1RG1mamphTHd6Nk4z?oc=5,"Mon, 11 Aug 2025 02:36:40 GMT"
Dress for Success names new CEO - The Business Journals,Google News,https://news.google.com/rss/articles/CBMipgFBVV95cUxNWDJCcDNVNWdEazlNRzdXd1pMNE53YmY3NE05OFBJUVNVTDRMc244TnR5TVlrUWIwbU14S01rUkRZMWxsay1jZXAySUVrQWhGNnZqcERNSGI4Zk02eVlQSmJvNGRoQjM1TTFmeWI4UjhydS00eEU1TnBPclNQcmpSSkdWVWFxUUpRQWp5NkM5aGdLSkVuWTF6blVkQ05Fel9hNERTVVhn?oc=5,"Tue, 04 Nov 2025 08:00:00 GMT"
"Bvlgari Names Laura Burdese As CEO, Effective July 2026 - BW People",Google News,https://news.google.com/rss/articles/CBMimAFBVV95cUxNREpwdk9YWHdKOFF5ZDZOZ212cDdjdFM0clk5MmtacnVoWEhjT0N0QWtIeV9OWmZJZnRreFZVLVcyQ0loN3c1RWtkM0ltZ0FqZnE0bXRJbnVxQXJyQXFGLUp0TThSd1FFM2JJSm5SekFaNHpDVHktLTQ2WFMzX2IwdTVXUW1RdUdLTFJrOS1vdWZRczdRLTR2eA?oc=5,"Fri, 26 Dec 2025 09:01:14 GMT"
"Comcast Names Steve Croney CEO of Connectivity & Platforms, Succeeding Dave Watson, Who Will Become Vice Chairman of Comcast Corporation - Comcast Corporation",Google News,https://news.google.com/rss/articles/CBMi4wFBVV95cUxPcXFEM05Jd2tJaHVXMENnTnB4MlUzcVdTMUdSaFp3X3VRQlBuRjRrNjJLZzBSczVZaElDOHpvWUtrWHJJelFJT2ZaSnFQTEZzVWlJcVZNWEF5ZV9sNHZKanZ4U0E5WTF0dWwwRlhWMkVtMUE2TVVOMWxOQng1MHR5Yk5ITUE5blp1bkdhRHkyOENuQzZvem5YM0RmQUJkU3pOdWxjaDc4V0tuVFJSbmdxSnBiRXByOVpMaTlwS0E1RENtQXJMckVsSVlNbmdTbVNTOFYwUXE3M1BlaUQ0cFlQaUpCZw?oc=5,"Wed, 29 Oct 2025 07:00:00 GMT"
Veolia Appoints Nadège Petit as CEO of the North America Zone to Drive Profitable and Innovative Growth - Veolia,Google News,https://news.google.com/rss/articles/CBMipAFBVV95cUxNMkZuejQ3dDBOd21UVVhaOV93QU9scm92cm4xNmZwVHZweHdkZTkyV1JsTFAwREd2OUJqSUlpWldvaHZKV1JNYzhNdEJKN1ZzOE1xU2pCN2kycUFKUzBPRTZHTTFCVGpSaWwzYXV0aWt3T3hWaVpid0syaXJWalJ3ZlhfVVZWc0xVSUFucnJyTlRLU3V5OWJJMm02TmZtRzRfbno3bA?oc=5,"Mon, 06 Oct 2025 07:00:00 GMT"
SBS CyberSecurity Appoints CFO and Announces Sales Team Enhancements - Morningstar,Google News,https://news.google.com/rss/articles/CBMiyAFBVV95cUxPRGIyNXYwdXlpb3BWZDBCbGNTQ3RDNURHYy1Ea3czUFk0UmdESFpEQmN4Q2lyUnNaUXFxMnB2NG00X04xbTlYc0M1NldKdXVGVEpNZ3pDN1U5Z3RpWDd6ck9vcTFrSGxGbE03bjl1NjMtWFNUX0lMa0VfaEpORW0xdklkY1pkekdJdm9oN0dCZ1FPcFJOTFZ0Ri14ZmVQQ2VnOHY3cU14aEFwZm00QUNVSDdZQkJOc0ltd25yaVNJTTlsR1VHdE5hSw?oc=5,"Fri, 19 Dec 2025 01:06:26 GMT"
Toyota Motor North America appoints CTO - WardsAuto,Google News,https://news.google.com/rss/articles/CBMilAFBVV95cUxOaHNVRTYxSl9XNkdaT2pfWmMtVVdpNmVYNlVKbjNkbW9Dc2ZjcHVuOVZUaEZiRHRWckRIM3h1dzZIeUtVT2hrX3NkeGtuVU5hNlVDZ0JPamYtc0dCR2dVNi1UdU5ObWYxYmpuV25qN3p4QzVzbkpVVk9PWUFTWUJYMUhfakwwOWNCX1dhZEFPREFDSXQ2?oc=5,"Tue, 19 Aug 2025 07:00:00 GMT"
Monumental Hires CFO From Warby Parker Amid Major Arena Project - Sportico.com,Google News,https://news.google.com/rss/articles/CBMiqwFBVV95cUxNYmZ1Mm9ZVkhWZmM0VUpLQ3dQNzJIcHhWdk55OFJlcE9MQjdEeW9WbzlQUm4tREJWdGZhTzFCWXJSempqdVlabnBUQnpqaGU2S09oQUlsZUV3OHBkREhLWEtTVEdHS3Z4S1B3YV9XWDNOdkFSUWIyZDc3X1Bjdy1Yd1Nad2J2MHdqYVhNR2RWbTROZWhKZ2wtRDBrVWljNFo0UUtqTmVUN0RjcVE?oc=5,"Tue, 09 Sep 2025 07:00:00 GMT"
ABB names Christian Nilsson to succeed Timo Ihamuotila as CFO | News center - ABB Group,Google News,https://news.google.com/rss/articles/CBMiogFBVV95cUxNT0hYUldPdmxCWDk5cXYyU0ZlbzBtZjkxZkl0aXJwaktsSXlpWWs2Y2pMMFIwWVNNQmhfMVB4RDRCZFJENXNJZGNDMy0yODF3TUtfSy1OSklvOUlvWWZLUTU4SVkxaGw0N0xqdzhiUi1wRGVmZ3I1a3JWLVI5M0NLY0tYREYtMUo1WVkyQkMxVm02V1hDMjF3NmtvQXZwM2Zqbmc?oc=5,"Thu, 16 Oct 2025 07:00:00 GMT"
HNGIL appoints new COO North to drive post-deal growth - Manufacturing Today India,Google News,https://news.google.com/rss/articles/CBMid0FVX3lxTE9zaWNyd3ZGeTFwZkV3a0NqMGlLT08tREEzel9fdW5kOVhSLTlQMjFQOS12czQwdGRhS2wzdkdfaHltaWVSckREVzdJMG5WQ3NLbTZHWHptVWZDeE9obW1LalhJTElQY0U1NXd4TjZVNUlYN0xWNWg0?oc=5,"Fri, 26 Dec 2025 11:54:00 GMT"
Kohl’s Names New CEO - Urban Milwaukee,Google News,https://news.google.com/rss/articles/CBMiakFVX3lxTE5SZENGZUlUYWtodFRZSjZXdHZ4dFZZbEh5NUExLVZMbXg1UHYyUmh1X2JaT1B1dlR0UDNpMWl1WnRWVmJCbTdnX1ByYlBqalppVjNfdjVBTXpoeGJmckZxc0xtbkRsUXBlVmc?oc=5,"Mon, 24 Nov 2025 08:00:00 GMT"
"Red Robin names COO, CFO departs - Restaurant Dive",Google News,https://news.google.com/rss/articles/CBMiqAFBVV95cUxQZ2YxVEREZHg0d2pNcXJWSjQ4OGFxWi01VWdsMkJVSXo5bmR5N3VKTFRzRDR0eDhJdzdGbEdjcHNJcG9qZ2J1MmpCZUpNa0U4OV9fVFgwRkVTVXcwNGpMcUt1dnlWNHpSQ2N6S1k3YThwWjBHLUZLcXdxX0MtSktYc2p4VGZxZ3V3MlQ0WHpMU1FsUHNCbmE3Y0l6RXUyNDdrNTJIRGN0SE4?oc=5,"Thu, 06 Nov 2025 08:00:00 GMT"
Who can choose CPS’s next CEO? Chicago elected officials — and legal experts — disagree. - Chalkbeat,Google News,https://news.google.com/rss/articles/CBMinAFBVV95cUxNRld1ZmtVUEFVdGZiU250OFFTaElqRE91UmdYaXFwRUFsZzFiUjhabnpHeEV1aS1KYWt6SWY4UnJwcG9BUXRHNEdFc1ZEdjBhVWFkcTUtZXdnU0tPaE40MTB6SUoyX0RkZmRHckJVU1pXRVY0Y0VvNGdHVDZEWXFHdjZLbmppTUdVaXhiLThyNkV6d3Nsb1R4QUluZjM?oc=5,"Wed, 13 Aug 2025 07:00:00 GMT"
Oregon’s largest community lending fund names new CEO - OregonLive.com,Google News,https://news.google.com/rss/articles/CBMijwFBVV95cUxNV0E2YkpkVmI0OGtqUXV6RERwSXNndzBhVEk5cFczTVk4X1ZWZkFiYmhTY2dkN3c1Z1d1bU1BUjZRakc5WVE3YkJYNm40a1JPc1I5WGhZSFoydnYzNGxVVk5pTUd1bWVrY3llY2d0U2lFWkZJRjduQzAydTFkZ1FoTm9INEhrMXJXVEhfQTk4QdIBowFBVV95cUxQVldLOWRmck05YVVObEN3YkNob0hTbTVHaEQ5YU56a3Z0Zl9BcV9lZjhySWdhWFRUemkwaHRUczJVXzNNbkczeDlCWXRscWZNWnBBemlxZURsM3RySDNXM254SXBJUTVteU5KRlhXQ2F1bmFFcDk0Sm5VOHZGUlBvTk1rWGNtblJESUtWVm11SUFKTDRRWmFMdzNCQzNoZzdlU3VJ?oc=5,"Wed, 12 Nov 2025 08:00:00 GMT"
Davenport appoints CEO of Lake Michigan Credit Union to its board - Davenport University,Google News,https://news.google.com/rss/articles/CBMipgFBVV95cUxOWEdTcWEyRWZqeFpSc0JmemI0SFZ2ZzEteXpycGNKTWNvRmlsZDFkcmdPSzlHOFh4RUl5NjM4eEtGOGhpYWN4ZG50ZjA0WW90bVdIWlUxeWR4Ym11OHdzZ2JuTjlEVXE4TTRhS1BUMmpaRnBtMlU5TkVoT2U1ZDljWFVmRjA0UWw0a2toUEdXSG04cTZsZkhGakVpYy1yWXp2c2NPVlFB?oc=5,"Tue, 18 Nov 2025 22:05:59 GMT"
"CPS school board signs NDAs, faces criticism about transparency in CEO search - Chicago Sun-Times",Google News,https://news.google.com/rss/articles/CBMi0wFBVV95cUxNQnhyRHBWS0JINzl0SUlzdmJ1enVtTnF1ejhkYnlOMlZKX2wwQXFUNFJaNS1WQWNrV09yTS1STml5WmhSYTU5MmpxTzZiMFZ2WFota3d5V096Y2haaURLTW5MWUJ5Q1FnbXNlQVdaUHBCNHhFVHdyZm1rYjhFbzBnUFFPNl9SMDM2RUhGX3JaTmlsRGtTOE9fdVRPWVdHMTFNVnZSaG9qTFpseU8zMmVpLXF6VWwtVmxjYmNYX2V0UmFsNEUxbVFuTnNjWDU0dHduV0g0?oc=5,"Fri, 07 Nov 2025 08:00:00 GMT"
CSIS Appoints FedEx President and CEO Raj Subramaniam to Board of Trustees - CSIS | Center for Strategic and International Studies,Google News,https://news.google.com/rss/articles/CBMimgFBVV95cUxNaXgtdlA4VEEwc1I5X0xURWFkNl93cHIxREFUdmIxZUxxRzF4azRBOC1zRkExNjFpQmxsNndVWXdGTE5GWHl0UTJHN0o4YjhVQUdKOWE2UHpjaUpvSzduRkNMUnUweDZiYU9KYlZmTmhqcEwtM1RDSFRwOGo5VHU1a1ozMzd5MkdtUm1EN0UxVEoyTFBJYVJmSXdR?oc=5,"Mon, 27 Oct 2025 07:00:00 GMT"
Nike names COO as two other execs depart in C-suite shakeup - Sports Business Journal,Google News,https://news.google.com/rss/articles/CBMiugFBVV95cUxNSlhvNnRwVTdHN3l0eFBNN3Rua1RJT09FbWJCeHYtMFB6VzdZbGU5M1EtZDFRV25pXzJvbkdDNGVNSDhwSjhEYUNoRm5GQXRDV1JrNk5KYlRYN3VsNkxxSThqZWV1SG9XaFVpNV9KbjdBa1Q1bGFaakJIYUl1OGpPemJaaFcxYjBVQWV0allFbXVFZWJjM1JjSS1JcnJWZHFNQ29IMEl5QjJUNFFUUHd6Ykt6Zm9kSV9keVE?oc=5,"Wed, 03 Dec 2025 08:00:00 GMT"
Yum! Brands names CFO Chris Turner as its next CEO - CNBC,Google News,https://news.google.com/rss/articles/CBMihgFBVV95cUxPczkwcUdFbjFmNEtnbl96QS1TS2t2RjJkOXBINFBPMDRsb1p3YUsyRTRzbWtNMkFlWVZOMlp2VW50SDR1XzJTakNxT0Ixb2tFU2Y5UmQ4RDJ2a0ZMVkVCQmVmdGRoaERqNUM4UFVScXpFbG9XdG4yXy1fcjBUUTN1M2VscndsUdIBiwFBVV95cUxQd2MweEFjSzVYZEJFX1V1NkFWR250RTdRbjJlYkN5TWkxc3RZWEJnY0ZubTR0ZjM0SEZENzhldVpLNjhLYTVFUjB2dU5INWt5MDN4Yl9VdEVoUGFEM2VsdlBnMk11WWpWRy02cXlaVnlVb1NUeGRVUlRGd1Jyd3RESjRxTW1MN3FSMUFR?oc=5,"Tue, 17 Jun 2025 07:00:00 GMT"
Blessing launches search for next CEO - WGEM,Google News,https://news.google.com/rss/articles/CBMidEFVX3lxTE11QXdyQ1oxOGI1SXlfRHRNRmk0NjJOUlpNZ2VtNXY4YjI4RGxxUjBNWEktNVBMaEgyZU5MTTFnWHg4T0N5d1VuSFV2TGpvUUwzWXFzX3pQSm5vMVowZXhidEVFUUJPSTlfYkFyNzQwdWlTOENW0gGIAUFVX3lxTE5jU19qQS00MzNMSTlMTFplU1B2VkNhb2Ytck5iM2xGRWQ0dWxFajBsTXNLLXhtSXltczd5SWFGcjN3TlRGWkFRcTF2bEFqeDhKZFlxZTRQcWpfc0cyal90UHNMTTl6OWYzVHJTNHBOTTYzZjRJdWJ2XzhyYWs5Y2dNOWFrTkE0Skc?oc=5,"Thu, 18 Sep 2025 07:00:00 GMT"
Dollar General names Emily Taylor COO - Supermarket News,Google News,https://news.google.com/rss/articles/CBMijgFBVV95cUxPYndlT2Z0Znc2WXNPQ0FKVjJULU1pdXVheUR2RG1yLS1HalNldHU4SmtoMUhFbXV4T29LUVExYWVaa1dveXdLdnlTZWxqTTZtZzlCdk4xMTZhWGY2RXFvVWZDWkJSeEt2cWl5ZFJZdGRRdnJJMXpkOG9PZmc5WFFpaFNNa3BBNDM2R0xUN2ZB?oc=5,"Fri, 14 Nov 2025 08:00:00 GMT"
"India's Britannia names CEO, reports higher second-quarter profit - Reuters",Google News,https://news.google.com/rss/articles/CBMizwFBVV95cUxNN3hvZXdkMWtUSFdQMXByNThMWjdPb08yWTJJalNJdjFDQm0ycDZHQ29fWnh3NE1CRzZrdVBkemhtbDlYTkUycmtkeDVPM1dTNzRidmViUzV5dkpTWG5pcnhlRHkzdnk3Tl82SFgxa09xQlVyTFMwYzVYMzZVMFg3ME9DM2dCRWxkeGVma0swMXRWN3JzRXlvamtTM3hfcHMxVFB6Wlg0NFEwOEFHVFBDUXU1MlRYNGFVMF9UaHNpTlc4Y1BSdWhadHVOTmJURWs?oc=5,"Wed, 05 Nov 2025 08:00:00 GMT"
Keurig Dr Pepper Names Former Mattel and Campbell’s Soup Exec as Its New CFO - Dallas Innovates,Google News,https://news.google.com/rss/articles/CBMipwFBVV95cUxNX3hfd3p4TXlJWE54MVEzRHVQR2tiQ2p1X2ZRejBLRmV0NEQtaDZjTW1RN0xQdmp5Z01JYWxqSTRZenJmdGJVeEFEaDY4OHFQdTd4X3ZMLW1JbS05cEttelZGWWRodVhYeXAzQkhLMjVNUmx5TlhSZjFnMTZwem15SDZudXhqRTN1NnphcUphNEdCUGx3MV9sZk9UNVNmYkpNYVI0SVhtWQ?oc=5,"Mon, 01 Dec 2025 08:00:00 GMT"
Core Specialty names CFO - businessinsurance.com,Google News,https://news.google.com/rss/articles/CBMia0FVX3lxTE90OHduTElHUUNmUzU1Q3lBLUV0eDNXdmdFTTdDOTlfeGhKTHpoMzl5Q0dJaDhMc00xN0pSaHRKWXFEUjlwcDhYMXlMb0dWeW9jVVhWUkJHUkNGaV9FWmZkTGc1ME5PN2VCOVFV?oc=5,"Fri, 31 Oct 2025 07:00:00 GMT"
Spring Grove's Pixelle Specialty Solutions appoints new chief officer as CEO steps away - The Evening Sun,Google News,https://news.google.com/rss/articles/CBMizAFBVV95cUxQb0ozcG93aElmbjd2TTdLSUJhemtzc2RjNnFxYzBvcmhKZmZPX05qc0Z2LWZvVEFxd2t1aWNvTHFrR2hrRHdMOE1jQnBCRUdBMEE2WkprUVpOVnJ4cEItOXhmV2VzUno1Q0RRRWxwUmhNQjlCYlBvaE5RbG5XN3pveWMtekdPRWg4ZzQ4ZUNzSXNNUUZhNWxhU3FoZzZzYlduWXRVeU1SbDZPaEFZcFpIeDVnM2xTLXRISDF3Qmswc19ZOHg4TXRBMDNzdkw?oc=5,"Mon, 08 Sep 2025 07:00:00 GMT"
"Timken Co. continues search for CEO, releases Q2 earnings - Canton Repository",Google News,https://news.google.com/rss/articles/CBMioAFBVV95cUxOLVhRbDQ0THFycllsdG11MUpxcFZXRmlfaWhPS0ZrZ0xoZWxtUnV3NmlLZnl5a3Nvek9Hc0l1YV9ycjhkS3BnZXkweUxHSVNxZlFYWWtBM2ljeDFLU0t4cVJXZ21JaTZmWF9lLWoyTFd5dnZuTl9LMlJaRlNkb3ZSZTdvZHdGSVZKazgtWmR0dXY1QzRlQmFYNGdPMXh6UjFV?oc=5,"Wed, 30 Jul 2025 07:00:00 GMT"
US Squash CEO Search Process and Timeline - US Squash,Google News,https://news.google.com/rss/articles/CBMie0FVX3lxTE1YWTR5NWx1a25LelhEa1lsV3NQT3JBdEhNMlpjQnN4QUdZdDE1aU9Sb0xQb1Bzc2xaS1BYalNUZWZVa3Boc05CbTZoLUxiR0pabUs5cnpDZDYxSE50RFIzTGR3d3lhZ3M5d2l1czhveG1ZR2I3a3VKUUtOVQ?oc=5,"Fri, 11 Jul 2025 07:00:00 GMT"
Panera Bread hires CFO - Restaurant Dive,Google News,https://news.google.com/rss/articles/CBMigwFBVV95cUxNaTlyaG5naXpFcW40NWpzdTYxMWxsRlZPR1VNTGJLMGJwbU00OEw2QmczWDhUOXh0QnpPR1lwbnlicjdreThIWHRic1JBYmpBWlpMaWZkdHJIVzdabGVaOFlXOXMyVTRkWDJXZzhVd3B0ZXJ1Ykthdlc5aDE1SnVvRTFvbw?oc=5,"Mon, 20 Oct 2025 07:00:00 GMT"
Qatar airways names Hamad al-Khater group CEO - Reuters,Google News,https://news.google.com/rss/articles/CBMioAFBVV95cUxQVFBidFRsX0lHLVRtXzBWNGxkSkN1UWxKZ054WXRhbWlPajNlYnlxMTdXd1BTTUNaU0k3aDFqQmxxblhUWmluYzFvcWxXNWgzZ2N0cE9LN2NRMFRmQ2xwM3ltRzNsUElfYVU0bEMwbWNMaFlKYUxnUVNJSEljY3ZCQk9ZaV9WSWZ3azdsbmdETzBZNXRnNGJNU2NmM096S0py?oc=5,"Sat, 06 Dec 2025 08:00:00 GMT"
Giorgio Armani Group Names CEO - WWD,Google News,https://news.google.com/rss/articles/CBMilAFBVV95cUxONnZnNUNVNGVlbWZTWTNOY19QeWlCbTVPSXpNOHdza3RVel9nb1lCV1ZxRFdPU21idXdjX2xyLTRLMHBXQmhxMU1LeHFpWV9fUlBoeXBtZTBBaEVkd1Bjb1ozQXRBNFVyb3hGY3F1Tl95ZVl5SXZxTWF2RE16bGlVbkRrbENiWWtGZjlRQkUzLVhnVkFK?oc=5,"Thu, 16 Oct 2025 07:00:00 GMT"
Tortuga Resorts names CEO to usher in next phase of growth - Hotel Dive,Google News,https://news.google.com/rss/articles/CBMiekFVX3lxTE1PNFVKdnpPSS0ybGVxY2tsVDJLYjlfNXZOZnduNnRQdE43eGs2SndwZFZJdHdmS0RIRFNKcmpoZGM2T1I5V1FIZjNBdzROZFZFTlhDT2xicjMxc0RrcjVCbUNkeDJSMWVLTXlneTFZV2JiemdVMHFVakt3?oc=5,"Wed, 03 Dec 2025 08:00:00 GMT"
Barilla Group hires CFO - Food Business News,Google News,https://news.google.com/rss/articles/CBMie0FVX3lxTE9scjYwengwNVUxLXlPWTFDYmVxQWg0aXFhVHItUE1jd2d4TU1tQi1PNjhacHAzdU9uT3kwNEdTQTktVWZfRXJrRmFvbWU1VmZOQ2NkTHN2MUdmRW01SnFVN053Q3dzYjhCcThzMG42eHgtdWl3bWg4Y08tTQ?oc=5,"Fri, 07 Nov 2025 08:00:00 GMT"
Crawford & Company names CFO as interim chief executive - Insurance Business,Google News,https://news.google.com/rss/articles/CBMixwFBVV95cUxPbTRzSUotbldVZEJNbVhYZHM3Tm5uUktEVktpWWFHaDFBMnpoYlRIWXRhQ2xTR295MHZSSGplazRFY1RadmJaQzg3Wlllb2ZiTVd4am5NMURMODZ1VVoxdU9pMVpxNHQ5MFVQVWI2SGFlMTdyeVE3MFEzekZPWmdvUU55Nno2d1hFYk80UEwycmJCZVZyZFBlbDhzcVRUTjN4Tld5aWE5VTBudVhNOUpWZmdhaXBBUlNiUkhEalNUNDNyQzJHeGln?oc=5,"Mon, 24 Nov 2025 08:00:00 GMT"
FedEx names CFO for Freight - Trucking Dive,Google News,https://news.google.com/rss/articles/CBMifkFVX3lxTE9aR2VGY0F2dVRQRUo2cks4ZlRrUkk5ZFZCRlFfSWJhbFNrMm5FOGI1UlgtX3FVNEdpRzRiZHFjWHA0bGNtRDVtaTAzMXpjbHdYWVpPU1BRb3M1WDN1dUNNdXZiR2xwR1M1UlEwSnFoOC1xUWtsM2dXZFBBWVFyZw?oc=5,"Wed, 08 Oct 2025 07:00:00 GMT"
Volkswagen AG’s Supervisory Board appoints Oliver Blume as CEO until the end of 2030 - volkswagen-group.com,Google News,https://news.google.com/rss/articles/CBMi1wFBVV95cUxNTG85Z3dzNjVjdHpaaFBqV0k5Ym9ycWVmOE1UeVZ2OTRTQi0wYXZBUDRxei1zeFZQVnhFRVVUdm1DdlowSmk5Q1F0UDg1ZDRIc3VlVEIxMWlmTXJ5STVQNmU1M0RyWklvMmpLcEh2dXBhOHlwOHFRMDgzYVRJTHBMaHBFMmlMZF9ValRZUFE2VmF2d3ZoT3BnZFp6MFBRLTJSeWFXRm5vMGpQX3p3ZWhoLWQ1Sk9sN0swcGo4NHpwRE5aS2tOS216cU1tbGtWSWZUUmNLcm5Haw?oc=5,"Fri, 17 Oct 2025 07:00:00 GMT"
"NVIDIA licenses AI chip startup Groq's technology, hires its CEO | Groq raised $750 million in September | Inshorts - Inshorts",Google News,https://news.google.com/rss/articles/CBMiqwFBVV95cUxNTThTYUlQVUgxUWZGVU1JZHE2T2I3WFZiQWRZcW9xSHFnZnpZQktGSkdPc3ExZWVTM2hBendrekh3OGs5eWZVTmZhMHVnN014T1l4SHpZLTh5WV8wOV9kNUdXbVRjTWNmV0FmVlJ2VDBLZ1BzMV9qcngxX3hzRm9YSm9fVDg0Qkt6VGFLWjBTZm0tUlQySWZnVHVKUEYxNFpfLXRnbHJEamxnNjDSAbABQVVfeXFMTXREck5CY1hsWkt6TF96VFo2NDF5M1V5a2xTbFA1VGcxQ084UEwtU29pTnB2bE41WTdwampHLVlzT1RWeTdKZm1FZWRWTVlzZUhDaFBTRGQ4ek5iem91bi1SeDdIOUx6NVJlT0NLQ21DQzh0WEV2amhrNl9UOHFHUFNUaWdNVzFhRlRTZGxDWlAyMkZLY3QtRU1xUnRNeUNyMW95aUZibU43OU9pVUtxN1U?oc=5,"Thu, 25 Dec 2025 21:36:58 GMT"
NatureSweet Appoints CFO - Progressive Grocer,Google News,https://news.google.com/rss/articles/CBMiZEFVX3lxTE82b09oelhUanlsdkE1eEhXa0pyWEVOdGdQdDhRWHZXY0gyZXJpZzdCcDEzWG4wY3JzdzVxeERYWGk2ZWxSandneldGUGxiQ3VTYW01ZkpEcW43RFllLWd2R1ZtNEs?oc=5,"Tue, 11 Nov 2025 08:00:00 GMT"
"Fall River appoints CFO, city auditor, but not without contract limits - Fall River Herald News",Google News,https://news.google.com/rss/articles/CBMi4wFBVV95cUxOdHpnSzBycjd0WU5mYzB0eFRwNXJ3cXRYVGxybVRCb3Rnbzkwc3hua3QzaU5BY05Za0NaOEJFUkNOR3VSMXFiWlBVTWVxZzJ3cm1GSkFXMlJfamNSclluX0FRX01SMlBhWWV1alBKUWpBQUR0RzNEYXZQRllGbnZiSGF0WlJ2TFlGbi14VzBaMjlLbmVGak14cmNacld6cFhwbFJ3MmZ4aXlNSTIwX1JjT2ZIVmt4eG9jcEt1S3dpVXRPZXc0YWNrTmtkWS1IZEFqQUJxaWVXOUpURkZnbVdSU0ZDMA?oc=5,"Mon, 01 Dec 2025 08:00:00 GMT"
Honeywell names insider Jim Currier CEO of aerospace unit - Reuters,Google News,https://news.google.com/rss/articles/CBMiwwFBVV95cUxPZmpxRm4wZF90VTZFTjFXSHNhX1BoSmliZTZvWXBDcWEwR2xQYzFtRFJCMElSMnpjZUdzRWI2WGJDQXVRZ3hRb3hsUVhUMEpYSHk3aGNuWGo0aUxnRFBRSFFjWXl5MW5oc29kQzBNVzV6M3ZwRjBzU1V0ZWJWbXJRaGZPa2tWMkN3WlFSa3hiZVNTODVXQWx0X1gyM2h0RVpYQk0xczNxZXREQjBzQ0o4ZFY3aEUzZHhMb19Ld0NVLWJSYTQ?oc=5,"Mon, 03 Nov 2025 08:00:00 GMT"
Dollar General Names COO - Progressive Grocer,Google News,https://news.google.com/rss/articles/CBMiZEFVX3lxTE5BTE94RlJqaTlsYTFUZTBzODZpMGlVY1Y4dXd5NTdhQ29oaWRjYVZ2ZVVTNWNadzQzUXdrVGtqVTdtakpINjdTODFPV2V0aTFPVTlPYzV1WHg1Nmc3c0lIUHN6bkY?oc=5,"Fri, 14 Nov 2025 08:00:00 GMT"
"Gucci Hires CFO From Automotive Industry, Valérie Leberichel Has Exited Brand - WWD",Google News,https://news.google.com/rss/articles/CBMipgFBVV95cUxNYTkwQjYtN2ZEYkdfRHNSZExrTjBuSWJNdzFrLXNRNGt2UUdveDZpMUZNdnRRdEZxRW0yM1ZCSkdCOWxsb3hkMHZwV2NrdmsxajVyaXlQcWY2LXRVZFZla3lYV0l3XzVsY3RqWC1nYjdqZzlhMnRDNXpjZ2RvVEh6cTJBRVczWFZ3Rk83dG5paWVQWUlkamsyOU44bEdONzMwdlZTLU5B?oc=5,"Mon, 01 Dec 2025 08:00:00 GMT"
Giorgio Armani group names long-time executive Marsocci as CEO - Reuters,Google News,https://news.google.com/rss/articles/CBMi1wFBVV95cUxOdThmNUtHN2dyNVBFcUZyb0owTjdMQ2g1c0djai0yUm5hbzF4eWE3ZFFxVWtTSThBUnpILWxobzdJcGFnSEJKTXVQaFdaN2k1MUlVem9aZnlWMFoyVkFyaUlOTlhEX3d1M2dRS1ZLOFB1OGdYV285UWJBOG82bm1ibVlfZ21LUHhrU2pUY0JkLTNhcXBmUWx4ZGVicFA1RkJBNVpVaVZzWk11dU1VcGhqcXdRVDBIZ0lLNWYtWWh1VEtUaXFsMDVOZFlxLVRRaDZkLWYtYmtNdw?oc=5,"Thu, 16 Oct 2025 07:00:00 GMT"
University Area CDC names CEO - Tampa Bay Business & Wealth,Google News,https://news.google.com/rss/articles/CBMibkFVX3lxTE1LekVhQ184T2hnQjl0Q1BXQzB1U3dRYjgtaW1PdVRhTUQ1OUhhNjFueF84VTlyWVprcVBiYlJqT1NWXzBvNWFxaHBkaWVETVdnWUw5anoxWXNfQlJITHRNcmhQNlZVWHY3c3FmZXZR?oc=5,"Fri, 12 Sep 2025 07:00:00 GMT"
Everest names CEO for legacy operations - businessinsurance.com,Google News,https://news.google.com/rss/articles/CBMiZ0FVX3lxTFBGTW1pbkxoU3FkbVdpYURXVHB6bUhWdWpwdkgxMGtPZy1BSE1kdkVPb0FaMlhTWUpUcVFCY2FFeXFTY3RzbGFOQnZ5N3kyVHRxdWFORWw4akVHTGV1VDd2QU80dThCWU0?oc=5,"Tue, 18 Nov 2025 08:00:00 GMT"
"Alaska Air Group names new COO, Horizon Air president - Maui Now",Google News,https://news.google.com/rss/articles/CBMijAFBVV95cUxPZjVvTXpJTGNhNTRxUHQ4d0stWFJIci1XUnhTVEw4YWt4S0hGbnVoYW1waWxmdkgyWWlFQnpGUUxPYkszTjFPdHlaWHdJMDQ2U01qRGtSdGFGeHk2eUFLZlJPNVZ1b2JrVUUwb0xDdTk5eVAzdVdYd0M1TFhtYzFtVFZMa0Y3TGZpeGRIaQ?oc=5,"Fri, 26 Sep 2025 07:00:00 GMT"
American Cancer Society Names Shane Jacobson as CEO - American Cancer Society Press Room,Google News,https://news.google.com/rss/articles/CBMiWEFVX3lxTE81ajlsS0kxRU1GVmhlSFFLZnBJMENwMk1YQlZoLVF2M0hxbHBNQzdaLTc2dFFKc19SamZvdUxGa0JOWjZOVGhsSng3al9wdldkeDRJZTJrX2M?oc=5,"Tue, 22 Jul 2025 07:00:00 GMT"
Acquisitive Tortuga Resorts hires CEO - Hotel Investment Today,Google News,https://news.google.com/rss/articles/CBMimAFBVV95cUxOblVOTk9Pc3pVM3o4ekR2TFZNeFhGOGctV2tSNDRxOGJLR0ZWZmFxOEs4NjNHVENOSXJxNFlfUmFaamRpSWZGZGJNS0NHVFVyaW5DaU5KanBvR1lGaVczUXRKRVBaUzZodlNaNkR0ekx3c3JxY0tNQ2RZT014MU44RHVDTlRKUG1sZTNCc011dC1TUmd3azZUcg?oc=5,"Tue, 02 Dec 2025 08:00:00 GMT"
Central Alabama Water Board in turmoil over CEO search and $750k salary proposal - WBMA,Google News,https://news.google.com/rss/articles/CBMiuwFBVV95cUxNVnN6S0FlanAzUkhKbE0wWVVIMG1ua2xXRTh2OTNTd3A2OWg3aGtOU2l2NDhOWkpmVTVHVzRYQnVVSlJOd1gyWHM0ZjR4RWVORF9ldWpUT0RZM1p2M05IMkJFTlpGR185Sm5GZFZSRE9xa3QwVjFVcUpGSW5KSGNVOS1idjZBbUE1bDcxZHRSX2pSQzEzVThSSUFzRGJLV2p4QWRETUdFLVAwcFVSUkdIZ0xQbXM5TUJfY2ZN?oc=5,"Fri, 14 Nov 2025 08:00:00 GMT"
Acadia Healthcare names Todd Young as CFO amid activist investor pressure - Reuters,Google News,https://news.google.com/rss/articles/CBMi5gFBVV95cUxNd3hxNkFwV0U3YkRtXzBPSDRpZ20xTS1jeUwydVNDZzFtbUxKSVNkN3gwZF8zNDhMOHRLdzYxc2laakN0aThVSXlfNWtGQ2ZWSjBYNm9feWVQbHBjUTZybG15U0JhTk43OFdvTU8ycmliSDRNUXhncXNrTWVoZDY2UjcwZXJWN1Y1T29DNUJ6bHJmZFR0MjVBYmxJNjFxcE4zMmtYdmR6cHV3dlg3M0ZLT1NpLTJLc1pINVRtUUNFTXJtWGRCbFJKUGVNOHl3SlFxMUZaTXBEWlNQaXpzeGpNZmlRc1c0dw?oc=5,"Wed, 08 Oct 2025 07:00:00 GMT"
"Powell’s Books names new CEO amid layoffs, financial struggles - OregonLive.com",Google News,https://news.google.com/rss/articles/CBMiqwFBVV95cUxQU1d5SE5kYkNSMU5iV3htQ08xZmhkRXRjR2dNLWMwWURhTUxpT1VCMHAzQThmblBfTXYxaUhmbDE2RTJYS3FpLXZYZkhqSDZBcElwbnFxdlVBemprQTJwaVF4d0Y1X2tIZ1NzLVFmR0EzaWUtd3hjajBWZXM4ZWpsN0xHOGZEOEdKeS1tUV93ZmFxZVNsaUlIelVxdEhoYU5NdDJ3TDg3RjdqdXfSAb8BQVVfeXFMUDJXUDlQM25lUURwaVJDRWxKMHRMQVNzemJ0X2lEdDA4NWQ3RWFFZHZxSW81Y2ZvUEV4cmE1cG55bkgxSDEyM1ZaWjRRbmU2dkdTTXBONDNUTFBQMzhfRGUxZmNXVE5feVhwSlU2a2kyRnhNWTF3TlUzZ2phX0VyNk1mRkhkckVjdE9YM1dKa0dBcnBlRHcxT2ItZmdYNG9mU3NDMjBOcC1xWHBjZjl4TWMxOGhnbGdiTHhGMElYcHc?oc=5,"Tue, 25 Nov 2025 08:00:00 GMT"
"CPS CEO search narrowed to 2 candidates and interim CEO Macquline King not 1 of them, sources say - Chicago Sun-Times",Google News,https://news.google.com/rss/articles/CBMihgFBVV95cUxPbnoyc3Y0cUNYY2thWTR4UzNqUl9ybFYyVzhtd1RFSU5hcEVjQlQzUHNEYXFGbUZUbk1fa3RaTGY0MXItbkxqczlaQnFGN0w3MjhUQ2xaVV9aUEd2QmFQTnhXdWJjVVZYbjJVZVBpVnhpZlk5RDN2OUhSc2xjTjVuY1hCX0JVZw?oc=5,"Thu, 06 Nov 2025 08:00:00 GMT"
UN Secretary-General appoints CEO of Naver to the UN Global Compact Board - PR Newswire,Google News,https://news.google.com/rss/articles/CBMizAFBVV95cUxOa0k0U1ItQTF4RWxxYVRMSEZuVk9wQ3JIclBUQnA3cW1zbDdlVnIyRWNNLUtDWC1XSHJlOVM0X0lybVhyNUVEelcyTmZIa2hOTGFfVTRtdkpTbjY2M05KV0tHZnR1c1djNWNybG41OEoxdVZzNmZReHFEYUhBYzVzLVoyUmZ0SWhibUQtZHFPQVMxQ05WZXRqVENNUlJyNUEzX0MwVmNSTGg3a3ZBTG1Nb1VZVUVtSlQ0OHVpTzVqV1l5b3hLNUJCQm5vcU4?oc=5,"Wed, 17 Sep 2025 07:00:00 GMT"
Virgin Atlantic names Koster as new CEO as Weiss to step down - Reuters,Google News,https://news.google.com/rss/articles/CBMizgFBVV95cUxQMkwzeGxiNW4yVkhMNzF3V3VQeVFqT0lOV0NNNFFyS0Fyd2I2cF9TRE1jbExnU2w1dGFzRnExb2V0TFRja0pZaHBQMm1kbWRKSEhuZ2NzQnhzSzR6cHZlVmFvZVlIUmRnV2FLenVpeXpsX0hZc2FjZ0V1ZzFKOWk3MnVoYVQ3SUNvYmVWN1pHZmRPelBPOTZqa0tCS21HMFJHQ3p0VFFXYm1aa2ljNFRUREU0Nk1lYURSaS1aSUdHRFpoSlg4eF9QQW9xWGtyZw?oc=5,"Mon, 13 Oct 2025 07:00:00 GMT"
Mitch Insurance names new president and COO - Insurance Business,Google News,https://news.google.com/rss/articles/CBMitAFBVV95cUxONzFEOGg5WFZpTlprNzBtVTMwbVZLMWxnQjlaTVQxd0s0VjYwUXhGMHlnYzQ0ZHdlLV9sZkVNZkx2RlJFSGZ2aFFZVkg4bDNZM2gwQ0Fyb190ZERkdHlSeThRQ2NlQjZNWUFLdEZQWV85Y0k5a19oMDRqSTlwWWdEeEV4WkQwblFSQTJnTFFjaDlJRWl3Qk1IX0Z0bGNBUG5hU2t0NlE1TGxyY1VIcVE1LU5VdDk?oc=5,"Wed, 26 Nov 2025 08:00:00 GMT"
Green Plains appoints Chris Osowski as CEO - Ethanol Producer Magazine,Google News,https://news.google.com/rss/articles/CBMihgFBVV95cUxPbHNsQmJRNEhkbWhzUms1bTZYdVFKNF9wLXZCSm9DZnlzWU83bTRDQ0xXTnZLQjd6eENtWnN5V3lDVzY1V3pDX1lkZG9ZQ19EdmtOSnlwUlhvN1hZQ0dYcDlWWVZEQnJDOTk0a2ljaENQTWZIVWQ5NVNWaEJrUjRLRThFN1MzQQ?oc=5,"Fri, 29 Aug 2025 07:00:00 GMT"
Stanford hires former Nike CEO Donahoe as AD - ESPN,Google News,https://news.google.com/rss/articles/CBMipgFBVV95cUxOQjIzcmhlR21wS1Y4YmQtcE9Cd2VDMHh6SzZuQTlaMkEzcUpCUFpab3dZUy1HRnEwVUdoMEdjN05BTDB4QlY1d2VFcEZxZDdOZzVtZDlYakNvYUxyMktMRFhFYkxuTjJrelBNUURiSG95X0djWnoxOHQ1ZlZWZS01V2VDcHlldzFhNHlqQ0VkSndjbnBiMzlyeFZXbUhuTVF1RnAwUGtB?oc=5,"Thu, 31 Jul 2025 07:00:00 GMT"
Regal Rexnord begins search for new CEO - BizTimes - Milwaukee Business News,Google News,https://news.google.com/rss/articles/CBMibkFVX3lxTE5aUDhKWGdfRlItWkV4WGgyZlBWRlBOWXp5d1BYTU8teU85MndEcHFVcmIzeUZ5WFFTRHdVUGE3WTY4b1hHVDZkYnl2Wmp0Wm5vOFBzU2ZSUUhON2JSYUkyaXJUWkJsSFVQQlJaMDZ30gF2QVVfeXFMT085U0hIeFdRVkgxM0RTYmZEZ1JYNnVTU2pVMVl4Y1d6ZC1nWmVUT1BOUUdId0hKNXlJam44Q2ZhZkw2ZUxsNUNYUFFPazZtRDdWeTg0NjlMYU9mYzJSbFpKR3VjdE9wVVBQTVpoVDRtV2tKTEV5UQ?oc=5,"Thu, 30 Oct 2025 07:00:00 GMT"
